-- MySQL dump 10.13  Distrib 8.0.21, for macos10.15 (x86_64)
--
-- Host: localhost    Database: SmartPharmacy
-- ------------------------------------------------------
-- Server version	8.0.21

/*!40101 SET @OLD_CHARACTER_SET_CLIENT=@@CHARACTER_SET_CLIENT */;
/*!40101 SET @OLD_CHARACTER_SET_RESULTS=@@CHARACTER_SET_RESULTS */;
/*!40101 SET @OLD_COLLATION_CONNECTION=@@COLLATION_CONNECTION */;
/*!50503 SET NAMES utf8 */;
/*!40103 SET @OLD_TIME_ZONE=@@TIME_ZONE */;
/*!40103 SET TIME_ZONE='+00:00' */;
/*!40014 SET @OLD_UNIQUE_CHECKS=@@UNIQUE_CHECKS, UNIQUE_CHECKS=0 */;
/*!40014 SET @OLD_FOREIGN_KEY_CHECKS=@@FOREIGN_KEY_CHECKS, FOREIGN_KEY_CHECKS=0 */;
/*!40101 SET @OLD_SQL_MODE=@@SQL_MODE, SQL_MODE='NO_AUTO_VALUE_ON_ZERO' */;
/*!40111 SET @OLD_SQL_NOTES=@@SQL_NOTES, SQL_NOTES=0 */;

--
-- Table structure for table `appointment`
--

DROP TABLE IF EXISTS `appointment`;
/*!40101 SET @saved_cs_client     = @@character_set_client */;
/*!50503 SET character_set_client = utf8mb4 */;
CREATE TABLE `appointment` (
  `apt_id` int NOT NULL AUTO_INCREMENT,
  `pat_id` varchar(9) NOT NULL,
  `doc_id` varchar(12) NOT NULL,
  `scedule_day` date NOT NULL,
  `apt_date` date NOT NULL,
  `apt_time` time NOT NULL,
  PRIMARY KEY (`apt_id`),
  KEY `pat_id` (`pat_id`),
  KEY `doc_id` (`doc_id`),
  CONSTRAINT `appointment_ibfk_1` FOREIGN KEY (`pat_id`) REFERENCES `patient` (`pat_id`) ON DELETE RESTRICT ON UPDATE CASCADE,
  CONSTRAINT `appointment_ibfk_2` FOREIGN KEY (`doc_id`) REFERENCES `doctor` (`doc_id`) ON DELETE RESTRICT ON UPDATE CASCADE
) ENGINE=InnoDB AUTO_INCREMENT=5788468 DEFAULT CHARSET=utf8mb4 COLLATE=utf8mb4_0900_ai_ci;
/*!40101 SET character_set_client = @saved_cs_client */;

--
-- Dumping data for table `appointment`
--

LOCK TABLES `appointment` WRITE;
/*!40000 ALTER TABLE `appointment` DISABLE KEYS */;
INSERT INTO `appointment` VALUES (5418914,'P40683857','DT1003860784','2016-03-02','2016-05-20','08:28:10'),(5451881,'P25505246','DT1013922533','2016-03-10','2016-05-02','08:46:59'),(5465779,'P74914676','DT1003809831','2016-03-14','2016-04-29','14:51:37'),(5505821,'P75471175','DT1003965278','2016-03-23','2016-05-18','09:51:25'),(5534427,'P51394855','DT1013953157','2016-03-31','2016-05-24','16:09:40'),(5552051,'P52427654','DT1013018605','2016-04-06','2016-05-02','15:09:08'),(5564838,'P83755727','DT1013922533','2016-04-11','2016-05-09','08:08:41'),(5573105,'P79209619','DT1003925207','2016-04-12','2016-05-16','11:54:54'),(5587097,'P16465417','DT1003007592','2016-04-15','2016-05-02','08:16:13'),(5591302,'P24099711','DT1013184456','2016-04-15','2016-05-31','16:30:33'),(5599785,'P29351456','DT1003859661','2016-04-19','2016-05-25','09:27:20'),(5604740,'P31432975','DT1003907585','2016-04-20','2016-06-08','08:16:50'),(5613982,'P22434352','DT1013184456','2016-04-25','2016-05-06','09:56:31'),(5616888,'P21101946','DT1003859661','2016-04-25','2016-05-17','14:57:08'),(5620686,'P26191000','DT1013066794','2016-04-26','2016-05-03','09:19:13'),(5621798,'P73206961','DT1003809831','2016-04-26','2016-05-31','10:50:10'),(5631019,'P30920206','DT1003988148','2016-04-27','2016-05-03','17:20:32'),(5636219,'P60535017','DT1003925207','2016-04-28','2016-05-09','14:46:34'),(5636622,'P52429011','DT1003872201','2016-04-28','2016-05-05','15:44:04'),(5637308,'P19182259','DT1003830191','2016-04-28','2016-06-08','18:23:56'),(5637777,'P98442011','DT1013008176','2016-04-29','2016-05-09','07:22:42'),(5640027,'P87493799','DT1013984392','2016-04-29','2016-05-05','10:00:30'),(5640482,'P38813396','DT1013018514','2016-04-29','2016-05-06','10:48:14'),(5644500,'P33341099','DT1013045970','2016-05-02','2016-05-02','08:45:01'),(5644905,'P70287981','DT1003907585','2016-05-02','2016-05-03','09:16:01'),(5648230,'P30598139','DT1013902907','2016-05-02','2016-05-13','15:16:01'),(5651500,'P28260880','DT1003965278','2016-05-03','2016-05-03','08:54:53'),(5652307,'P22434352','DT1013184456','2016-05-03','2016-06-01','09:55:28'),(5656164,'P48854096','DT1003914227','2016-05-04','2016-05-18','07:42:03'),(5656321,'P69801316','DT1003914227','2016-05-04','2016-05-04','07:54:49'),(5657540,'P80014782','DT1003844820','2016-05-04','2016-05-11','09:32:37'),(5658855,'P55592438','DT1013018605','2016-05-04','2016-05-17','12:14:42'),(5661500,'P71900266','DT1003007592','2016-05-05','2016-05-19','07:32:21'),(5665980,'P92916917','DT1003991423','2016-05-05','2016-05-12','15:41:03'),(5667590,'P25191496','DT1003872128','2016-05-06','2016-05-12','07:58:11'),(5667703,'P20192092','DT1003988148','2016-05-06','2016-05-06','08:03:31'),(5669059,'P54828678','DT1003007592','2016-05-06','2016-05-10','10:16:15'),(5669347,'P65726682','DT1003899907','2016-05-06','2016-05-06','10:44:09'),(5671405,'P30920206','DT1003988148','2016-05-06','2016-05-06','16:50:31'),(5671424,'P87464373','DT1013083781','2016-05-06','2016-05-06','17:00:11'),(5673368,'P62772301','DT1003988148','2016-05-09','2016-05-09','09:14:48'),(5678479,'P26194032','DT1003907585','2016-05-10','2016-05-11','08:33:08'),(5680033,'P19182259','DT1003830191','2016-05-10','2016-05-24','10:59:16'),(5680804,'P78140062','DT1003829334','2016-05-10','2016-05-10','12:53:46'),(5681643,'P19182259','DT1003830191','2016-05-10','2016-05-16','14:50:01'),(5683939,'P20737848','DT1013987700','2016-05-11','2016-05-11','08:02:39'),(5684404,'P25492440','DT1013969161','2016-05-11','2016-05-11','08:34:45'),(5684551,'P20737848','DT1013987700','2016-05-11','2016-05-18','08:47:19'),(5685433,'P89349218','DT1013953157','2016-05-11','2016-05-18','10:21:51'),(5691638,'P16465417','DT1003007592','2016-05-12','2016-05-13','13:23:03'),(5691805,'P20737848','DT1013987700','2016-05-12','2016-05-18','13:44:20'),(5694300,'P88156908','DT1013969161','2016-05-13','2016-05-13','08:27:41'),(5695334,'P88156908','DT1013969161','2016-05-13','2016-05-19','10:00:26'),(5696049,'P38813396','DT1013018514','2016-05-13','2016-05-24','11:30:24'),(5696936,'P95236226','DT1013066794','2016-05-13','2016-06-02','14:39:35'),(5698136,'P40818544','DT1013018514','2016-05-16','2016-05-16','07:18:11'),(5700205,'P55592438','DT1013018605','2016-05-16','2016-05-16','09:13:31'),(5700971,'P88156908','DT1013969161','2016-05-16','2016-05-16','09:58:06'),(5702127,'P65726682','DT1003899907','2016-05-16','2016-05-16','11:32:06'),(5705123,'P25191496','DT1003872128','2016-05-16','2016-06-03','18:19:43'),(5712500,'P73206961','DT1003809831','2016-05-18','2016-05-25','08:56:40'),(5716651,'P26306766','DT1013984392','2016-05-19','2016-05-25','07:03:16'),(5719332,'P60535017','DT1003925207','2016-05-19','2016-05-19','11:03:15'),(5719846,'P70027891','DT1013008176','2016-05-19','2016-05-19','12:29:41'),(5719974,'P70361120','DT1003859661','2016-05-19','2016-05-31','12:53:33'),(5725864,'P48707610','DT1003825274','2016-05-20','2016-05-31','12:06:49'),(5725928,'P75471175','DT1003965278','2016-05-20','2016-05-30','12:20:11'),(5727160,'P30462648','DT1013922533','2016-05-20','2016-05-20','15:12:47'),(5728415,'P71012302','DT1013987700','2016-05-20','2016-06-03','16:21:20'),(5729776,'P51394855','DT1013953157','2016-05-24','2016-05-31','07:49:58'),(5730459,'P31432975','DT1003907585','2016-05-24','2016-05-24','08:38:26'),(5731299,'P97701097','DT1003879685','2016-05-24','2016-05-24','09:49:25'),(5733123,'P74914676','DT1003809831','2016-05-24','2016-06-02','13:24:02'),(5733282,'P87493799','DT1013984392','2016-05-24','2016-05-30','13:39:01'),(5736548,'P60535017','DT1003925207','2016-05-25','2016-05-25','08:30:25'),(5736578,'P26306766','DT1013984392','2016-05-25','2016-05-25','08:32:31'),(5740699,'P20737848','DT1013987700','2016-05-25','2016-05-25','15:52:38'),(5745177,'P33341099','DT1013045970','2016-05-30','2016-06-01','11:24:29'),(5748490,'P19182259','DT1003830191','2016-05-31','2016-06-02','07:06:17'),(5748690,'P48707610','DT1003825274','2016-05-31','2016-05-31','07:13:39'),(5748885,'P87493799','DT1013984392','2016-05-31','2016-06-08','07:20:13'),(5750279,'P92774336','DT1003878315','2016-05-31','2016-06-08','08:41:55'),(5752053,'P40683857','DT1003860784','2016-05-31','2016-06-01','11:03:12'),(5753879,'P26191000','DT1013066794','2016-05-31','2016-05-31','14:58:36'),(5755571,'P56544020','DT1013066794','2016-06-01','2016-06-07','07:29:41'),(5756497,'P92797852','DT1013922533','2016-06-01','2016-06-01','08:22:54'),(5756706,'P26194032','DT1003907585','2016-06-01','2016-06-01','08:35:56'),(5757093,'P70231135','DT1013059419','2016-06-01','2016-06-01','08:58:36'),(5759757,'P53780312','DT1013922533','2016-06-01','2016-06-08','13:39:56'),(5764547,'P78140062','DT1003829334','2016-06-02','2016-06-08','10:27:44'),(5765510,'P83755727','DT1013922533','2016-06-02','2016-06-06','13:10:24'),(5768148,'P78886230','DT1013184456','2016-06-03','2016-06-03','07:22:09'),(5771072,'P70287981','DT1003907585','2016-06-03','2016-06-07','11:27:36'),(5771388,'P73206961','DT1003809831','2016-06-03','2016-06-03','12:44:40'),(5771539,'P74914676','DT1003809831','2016-06-03','2016-06-06','13:13:44'),(5775905,'P79728523','DT1013083781','2016-06-06','2016-06-08','10:06:30'),(5776556,'P69801316','DT1003914227','2016-06-06','2016-06-06','11:21:36'),(5780909,'P38107891','DT1003123985','2016-06-07','2016-06-07','08:44:45'),(5788467,'P40320003','DT1003899907','2016-06-08','2016-06-08','12:32:34');
/*!40000 ALTER TABLE `appointment` ENABLE KEYS */;
UNLOCK TABLES;

--
-- Table structure for table `doctor`
--

DROP TABLE IF EXISTS `doctor`;
/*!40101 SET @saved_cs_client     = @@character_set_client */;
/*!50503 SET character_set_client = utf8mb4 */;
CREATE TABLE `doctor` (
  `doc_id` varchar(12) NOT NULL,
  `doc_first_name` varchar(64) NOT NULL,
  `doc_last_name` varchar(64) NOT NULL,
  `doc_speciality` varchar(64) NOT NULL,
  `doc_address` varchar(64) DEFAULT NULL,
  `doc_city` varchar(64) DEFAULT NULL,
  `doc_state` varchar(64) DEFAULT NULL,
  `doc_zipcode` varchar(64) DEFAULT NULL,
  PRIMARY KEY (`doc_id`)
) ENGINE=InnoDB DEFAULT CHARSET=utf8mb4 COLLATE=utf8mb4_0900_ai_ci;
 /*!40101 SET character_set_client = @saved_cs_client */;

--
-- Dumping data for table `doctor`
--

LOCK TABLES `doctor` WRITE;
/*!40000 ALTER TABLE `doctor` DISABLE KEYS */;
INSERT INTO `doctor` VALUES ('','','','','Ap #406-5950 Sit Rd.','Annapolis County','','14518'),('DT1003003856','CYNTHIA','SANTIAGO','Family Practice','Ap #316-2571 Dis Avenue','Podolsk','GA','78400'),('DT1003007592','CAROLYN','MILLER','Physician Assistant','282-9720 Molestie Avenue','Knighton','GA','11097'),('DT1003093147','DONA','COOPER-DOCKERY','Internal Medicine','Ap #735-1630 Duis St.','Gruitrode','NY','40818'),('DT1003123985','LAURA','DEGEORGE','Nurse Practitioner','Ap #577-5516 Parturient Avenue','Konya','OH','57072'),('DT1003809831','KEVIN','CUNNINGHAM','Internal Medicine','436-2852 Justo Road','Coleville Lake','OH','31206'),('DT1003825274','CARMEN','CARDONA','Internal Medicine','Ap #105-728 Lacinia. Rd.','Oakham','NY','82529'),('DT1003829334','TAMMY','VU','Ophthalmology','289-3908 Placerat. Avenue','Forges','NY','60263'),('DT1003830191','RICHARD','LAM','Internal Medicine','8886 Malesuada Rd.','Kharagpur','GA','25560'),('DT1003832775','MARC','SCHNEIDERMAN','Family Practice','Ap #337-9640 Amet Rd.','Rocky Mountain House','NY','47369'),('DT1003842584','ELIF','ERIM','Geriatric Medicine','Ap #500-3738 Quis Rd.','Annapolis','GA','81507'),('DT1003844820','SEVERINO','PIMENTEL','Family Practice','1535 Habitant Rd.','Nijlen','OH','54319'),('DT1003855560','LUCIUS','FREEMAN','Family Practice','886-5514 Est. Road','Thame','NY','53809'),('DT1003856477','MARY','ESCHETE','Internal Medicine','946 Quisque Avenue','Libramont-Chevigny','PA','64824'),('DT1003858150','CAROL','LUCKEY','Nurse Practitioner','Ap #190-4399 Senectus Rd.','Grand-Hallet','GA','37973'),('DT1003859661','ALEXANDER','DOAN','Nephrology','265-4004 Cursus Road','Rionero in Vulture','NY','38468'),('DT1003860784','ERNEST','THOMAS','General Practice','Ap #864-1486 Nec, Rd.','Bowling Green','OH','69535'),('DT1003868902','MARK','WHITING','Internal Medicine','187-6767 Lorem St.','Sohbatpur','GA','24569'),('DT1003872128','MARK','ROZICK','Family Practice','343-6747 A, Street','Stratford-upon-Avon','GA','18929'),('DT1003872201','RUSSELL','WATTERS','Internal Medicine','1030 Urna, Ave','Avellino','NY','50563'),('DT1003878315','SCOTT','CIGNETTI','Dentist','313-1744 Facilisis Road','Lakeshore','NY','78966'),('DT1003879685','TINH','TRAN','Internal Medicine','494-4958 Erat Av.','Marche-les-Dames','PA','78631'),('DT1003899907','RAJEEV','MANU','Gastroenterology','Ap #845-7171 Eget St.','Vänersborg','GA','59749'),('DT1003907585','WILLIAM','GINN','Family Practice','2011 Aliquet Rd.','Saint-Marcel','NY','42474'),('DT1003914227','ANNA','MILSTEIN','Cardiology','7722 Ut Road','Newbury','OH','52561'),('DT1003925207','WILLIE','ASKEW','Internal Medicine','Ap #313-5462 Nisi Ave','Austin','NY','50652'),('DT1003965278','BINDU','JAYAVELU','Nephrology','541-8252 Convallis Rd.','Victoria','NY','98226'),('DT1003988148','THUY','TRAN','Family Practice','671-3952 Sit St.','Ficarolo','NY','73279'),('DT1003991423','VAN','ARDOIN','Ophthalmology','Ap #288-3878 Arcu St.','Birmingham','NY','16139'),('DT1013008176','CAROL','SLOVER','Dermatology','2307 Ut St.','Dornoch','NY','37711'),('DT1013018514','ESTHER','FERMIN','Internal Medicine','5191 Ac St.','Visso','PA','96986'),('DT1013018605','J.','MILLER','Family Practice','Ap #485-1798 Ipsum Ave','Unecha','PA','12993'),('DT1013045970','MARWAN','EDRIS','Internal Medicine','2390 Auctor Street','Codognè','PA','73584'),('DT1013059419','SHULIM','SPEKTOR','Pain Management','8488 Ut Rd.','Oostkerke','NY','12243'),('DT1013066794','WENDY','STEIN','Internal Medicine','8098 Arcu. Rd.','Hastings','GA','27512'),('DT1013083781','SUDHA','PRASAD','Family Practice','Ap #772-8882 Molestie Av.','Haripur','GA','17580'),('DT1013154400','ALIDAD','ZADEH','Family Practice','Ap #510-8741 Convallis Ave','St. Petersburg','OH','71101'),('DT1013184456','ISRAEL','TRUJILLO','General Practice','9225 Mauris, St.','St. Catharines','OH','69885'),('DT1013187293','WILMA','BRIONES -MULL','Family Practice','751-3749 Eget Ave','Westkapelle','NY','63778'),('DT1013902907','STUART','LEICHT','Dermatology','Ap #594-5551 Euismod Rd.','Saravena','NY','97832'),('DT1013922533','KEVIN','COLVER','Internal Medicine','4062 Erat, St.','Nelson','GA','47457'),('DT1013939339','JAY','THOMAS','Family Practice','221-2957 Mollis Avenue','Deerlijk','NY','82247'),('DT1013953157','MATTHEW','BARNETT','Family Practice','1594 Sem, Road','Frigento','NY','77394'),('DT1013961994','JAMES','CROOM','Internal Medicine','6391 Eu St.','Baden','GA','37125'),('DT1013969161','ALLISON','BOTWIN','Psychiatry','898-1875 Vitae Ave','Laces/Latsch','OH','85626'),('DT1013977206','ELLIE','BLOOMFIELD','Internal Medicine','5685 Eget Ave','Olmué','OH','74151'),('DT1013984392','JEDIDIAH','BURACK','Internal Medicine','9852 Vestibulum Avenue','Suruç','NY','16393'),('DT1013987700','VITTORIA','GASSMAN','Internal Medicine','527-2942 Morbi Ave','Knokke','PA','92156');
/*!40000 ALTER TABLE `doctor` ENABLE KEYS */;
UNLOCK TABLES;

--
-- Table structure for table `Medicine`
--

DROP TABLE IF EXISTS `Medicine`;
/*!40101 SET @saved_cs_client     = @@character_set_client */;
/*!50503 SET character_set_client = utf8mb4 */;
CREATE TABLE `Medicine` (
  `m_id` varchar(5) NOT NULL,
  `category` varchar(64) NOT NULL,
  `m_medicine` varchar(64) NOT NULL,
  `ingredient` varchar(100) NOT NULL,
  PRIMARY KEY (`m_id`)
) ENGINE=InnoDB DEFAULT CHARSET=utf8mb4 COLLATE=utf8mb4_0900_ai_ci;
/*!40101 SET character_set_client = @saved_cs_client */;

--
-- Dumping data for table `Medicine`
--

LOCK TABLES `Medicine` WRITE;
/*!40000 ALTER TABLE `Medicine` DISABLE KEYS */;
INSERT INTO `Medicine` VALUES ('M1135','pain','MEGASTROL','NC / NI'),('M1472','digestive system','AMBROTEN','ambroxol'),('M1476','endocrine','PACLITAXEL','NC / NI'),('M2559','pain','OXALIPLATIN','NC / NI'),('M2976','musculo-skeletal disorders','AMPICIL','ampicillin sodium'),('M3048','allergic disorders','DELMOFIG','NC / NI'),('M3371','digestive system','FERROTRAT B12','cupric sulfate | lysine | sodium glycerophosphate | cyanocobalamin'),('M3745','musculo-skeletal disorders','ALCAFLOR','NC / NI'),('M4006','allergic disorders','AMPLOTAL','sodium ampicillin | benzathine ampicillin'),('M4577','obstetrics and gynecology','SULBACTAM SODIUM + AMPICILLIN SODIUM','NC / NI'),('M4812','skin','GLIMESEC','glimepiride'),('M5060','diagnostics','GASTROTANOL','magnesium trissilicate | atropine sulfate | aluminum hydroxide | papaverine hydrochloride'),('M5413','endocrine','AMOXIBEL','NC / NI'),('M5450','central nervous system','OSTENAN','TRI-HYDRATED SODIUM ALENDRONATE'),('M5508','digestive system','GASTROTANOL','papaverine hydrochloride | NC / NI'),('M5782','diagnostics','B-ORGAN','Multivitamins sem minerais'),('M5825','pain','FACYL 500','tinidazole'),('M6091','immune system','METOTREXATE','NC / NI'),('M6226','cardiovascular system','LEXAPRO','escitalopram oxalate'),('M6484','central nervous system','TEICOPLANINE','NC / NI'),('M7455','central nervous system','CARDIOSETYL','NC / NI'),('M7531','musculo-skeletal disorders','FERROGLYNA','NC / NI'),('M8078','immune system','GRAMCILIN','ampicillin sodium'),('M9208','endocrine','GLINUTROL','NC / NI'),('M9666','obstetrics and gynecology','CIBRAS','NC / NI'),('M9722','skin','RADAN','ranitidine'),('M9924','skin','VISAZUL','berberine sulfate | zinc phenolsulfonate | naphazoline hydrochloride'),('medID','category','medicine','ingredient');
/*!40000 ALTER TABLE `Medicine` ENABLE KEYS */;
UNLOCK TABLES;

--
-- Table structure for table `patient`
--

DROP TABLE IF EXISTS `patient`;
/*!40101 SET @saved_cs_client     = @@character_set_client */;
/*!50503 SET character_set_client = utf8mb4 */;
CREATE TABLE `patient` (
  `pat_id` varchar(9) NOT NULL,
  `doc_id` varchar(12) NOT NULL,
  `pat_first_name` varchar(64) NOT NULL,
  `pat_last_name` varchar(64) NOT NULL,
  `pat_gender` varchar(1) NOT NULL,
  `pat_ethnicity` varchar(64) NOT NULL,
  `dob` date DEFAULT NULL,
  `pat_address` varchar(64) DEFAULT NULL,
  `pat_city` varchar(64) DEFAULT NULL,
  `pat_state` varchar(64) DEFAULT NULL,
  `pat_zipcode` varchar(64) DEFAULT NULL,
  `pat_first_visit_date` date DEFAULT NULL,
  PRIMARY KEY (`pat_id`),
  KEY `doc_id` (`doc_id`),
  CONSTRAINT `patient_ibfk_1` FOREIGN KEY (`doc_id`) REFERENCES `doctor` (`doc_id`) ON DELETE RESTRICT ON UPDATE CASCADE
) ENGINE=InnoDB DEFAULT CHARSET=utf8mb4 COLLATE=utf8mb4_0900_ai_ci;
/*!40101 SET character_set_client = @saved_cs_client */;

--
-- Dumping data for table `patient`
--

LOCK TABLES `patient` WRITE;
/*!40000 ALTER TABLE `patient` DISABLE KEYS */;
INSERT INTO `patient` VALUES ('P14779161','DT1003965278','Giovanni','Valdez','M','Hispanic or Latino','1966-07-23','2710 RIFE MEDICAL LANE','ROGERS','OH','72758',NULL),('P15878129','DT1003809831','Hayden','Hurley','F','American Indian or Alaska Native','1964-04-29','3828 DELMAS TERRACE','CULVER CITY','OH','90231',NULL),('P16465417','DT1003007592','Lillian','Mcclain','F','Hispanic or Latino','1956-01-16','103 MEDICINE WAY ROAD','PERIDOT','OH','85542',NULL),('P19182259','DT1003830191','Grayson','Young','M','Asian','1953-01-11','1601 WEST ST MARY\'S ROAD','TUCSON','OH','85745',NULL),('P20192092','DT1003988148','Gracie','Krueger','F','Asian','1944-12-03','1921 WEST HOSPITAL DRIVE','TUCSON','NY','85704',NULL),('P20737848','DT1013987700','Elijah','Odonnell','M','Black or African American','1938-10-30','101 EAST VALENCIA MESA DRIVE','FULLERTON','NY','92835',NULL),('P21101946','DT1003859661','Damian','Elliott','M','Native Hawaiian or Other Pacific Islander','1964-03-08','435 H STREET','CHULA VISTA','NY','91910',NULL),('P22434352','DT1013184456','Audrey','Bates','F','Hispanic or Latino','1964-05-07','700 RIVER DRIVE','FORT BRAGG','OH','95437',NULL),('P24016339','DT1003860784','Cooper','Melendez','M','Hispanic or Latino','1978-11-20','354 SANTA FE DRIVE','ENCINITAS','GA','92024',NULL),('P24099711','DT1013184456','Elizabeth','Murphy','F','Asian','1939-01-20','800 EAST WASHINGTON BOULEVARD','CRESCENT CITY','OH','95531',NULL),('P25191496','DT1003872128','Ava','Nichols','F','Asian','1953-12-22','400 OLD RIVER RD','BAKERSFIELD','GA','93311',NULL),('P25206321','DT1003878315','Elizabeth','Holland','F','Hispanic or Latino','1954-11-20','741 N. MAIN STREET','CEDARVILLE','GA','96104',NULL),('P25210857','DT1003842584','Greyson','Walsh','M','Hispanic or Latino','1971-06-28','7300 NORTH 99TH AVENUE','GLENDALE','GA','85305',NULL),('P25349114','DT1003829334','Grayson','Carter','M','Hispanic or Latino','1962-06-07','3700 NORTH WINDSONG DRIVE','PRESCOTT VALLEY','NY','86314',NULL),('P25492440','DT1013969161','Daniel','Wilson','M','White','1955-11-10','751 MEDICAL CENTER COURT','CHULA VISTA','NY','91911',NULL),('P25505246','DT1013922533','Elijah','Anderson','M','Hispanic or Latino','1945-09-12','2700 DOLBEER STREET','EUREKA','NY','95501',NULL),('P26191000','DT1013066794','Greyson','Holt','M','Black or African American','1940-10-13','1955 WEST FRYE ROAD','CHANDLER','OH','85224',NULL),('P26194032','DT1003907585','Daniel','Ellis','M','Native Hawaiian or Other Pacific Islander','1954-11-03','130 BRENTWOOD DRIVE','CHESTER','GA','96020',NULL),('P26306766','DT1013984392','James','Lucero','M','White','1936-09-12','105 U.S. HIGHWAY 80, EAST','DEMOPOLIS','NY','36732',NULL),('P27288787','DT1013902907','Genesis','Ellis','F','American Indian or Alaska Native','1934-08-11','1201 FLEMING AVENUE','JONESBORO','OH','72401',NULL),('P28260880','DT1003965278','Alexander','Mitchell','M','Black or African American','1970-10-06','330 MONTROSE DRIVE','FOLSOM','OH','95630',NULL),('P29351456','DT1003859661','Amelia','Warren','F','White','1982-09-03','7901 WALKER STREET','LA PALMA','OH','90623',NULL),('P30462648','DT1013922533','Hailey','Love','F','American Indian or Alaska Native','1934-06-19','820 EAST MOUNTAIN VIEW ST','BARSTOW','NY','92311',NULL),('P30598139','DT1013902907','Harper','Madden','F','Native Hawaiian or Other Pacific Islander','1937-07-06','2185 W. CITRACADO PARKWAY','ESCONDIDO','GA','92025',NULL),('P30920206','DT1003988148','Eva','Cain','F','American Indian or Alaska Native','1940-06-13','2000 MOWRY AVENUE','FREMONT','PA','94538',NULL),('P31432975','DT1003907585','Grayson','Martin','M','White','1964-09-12','1800 EAST FLORENCE BOULEVARD','CASA GRANDE','NY','85222',NULL),('P33341099','DT1013045970','Alexander','Guerra','M','American Indian or Alaska Native','1925-10-24','14900 EAST IMPERIAL HIGHWAY','LA MIRADA','NY','90637',NULL),('P35051520','DT1003829334','James','Harmon','M','Black or African American','1948-03-29','107 GOVERNORS DRIVE','HUNTSVILLE','GA','35801',NULL),('P35243143','DT1013953157','Gracie','Arnold','F','Black or African American','1956-09-09','3535 NORTH SCOTTSDALE ROAD','SCOTTSDALE','GA','85251',NULL),('P37984397','DT1013939339','Grayson','Cortez','M','Native Hawaiian or Other Pacific Islander','1943-09-17','1500 SOUTH MILL AVENUE','TEMPE','NY','85281',NULL),('P38107891','DT1003123985','Gianna','White','F','Black or African American','1971-04-10','1703 NORTH BUERKLE ROAD','STUTTGART','NY','72160',NULL),('P38813396','DT1013018514','Hadley','Martin','F','Asian','1969-10-11','7900 S J STOCK ROAD','TUSCON','NY','85634',NULL),('P40320003','DT1003899907','Greyson','Navarro','M','American Indian or Alaska Native','1965-09-28','300 EL CAMINO REAL','SIERRA VISTA','PA','85635',NULL),('P40683857','DT1003860784','Ava','Moyer','F','Black or African American','1971-12-13','6501 COYLE AVENUE','CARMICHAEL','PA','95608',NULL),('P40818544','DT1013018514','Gianna','Garcia','F','Hispanic or Latino','1930-12-20','1001 TOWSON AVENUE,SIXTH FLOOR','FORT SMITH','GA','72901',NULL),('P47702876','DT1013969161','Catherine','Mcdonald','F','Native Hawaiian or Other Pacific Islander','1966-09-23','3300 RENNER DRIVE','FORTUNA','OH','95540',NULL),('P48395959','DT1013977206','Gavin','Williams','M','Asian','1966-07-15','1205 MCLAIN STREET','NEWPORT','NY','72112',NULL),('P48707610','DT1003825274','Elizabeth','Sanchez','F','Hispanic or Latino','1960-06-13','2000 SUTTER PLACE','DAVIS','PA','95616',NULL),('P48762299','DT1003860784','Gianna','Gilbert','F','Native Hawaiian or Other Pacific Islander','1936-11-04','205 EAST JEFFERSON STREET','SILOAM SPRINGS','GA','72761',NULL),('P48854096','DT1003914227','Gianna','Archer','F','Black or African American','1938-09-08','609 WEST MAPLE AVENUE','SPRINGDALE','PA','72764',NULL),('P49863039','DT1003003856','Liam','Alvarez','M','Hispanic or Latino','1986-03-18','1555 EXCHANGE AVENUE','CONWAY','PA','72032',NULL),('P51394855','DT1013953157','James','Hopkins','M','Hispanic or Latino','1962-12-26','800 MONTCLAIR ROAD','BIRMINGHAM','NY','35213',NULL),('P51875453','DT1013059419','Brooklyn','Roman','F','Black or African American','1966-12-08','250 NORTH FIRST STREET','BLYTHE','NY','92225',NULL),('P52310987','DT1003860784','Alyssa','Walls','F','Native Hawaiian or Other Pacific Islander','1969-01-15','1246 WEST 155TH STREET','GARDENA','NY','90247',NULL),('P52427654','DT1013018605','Cora','Ochoa','F','White','1938-09-21','9888 GENESEE AVENUE','LA JOLLA','NY','92037',NULL),('P52429011','DT1003872201','Andrew','Moyer','M','American Indian or Alaska Native','1951-05-04','7601 EAST IMPERIAL HIGHWAY','DOWNEY','GA','90242',NULL),('P53404957','DT1013059419','George','Stevens','M','Asian','1938-10-17','3873 NORTH PARKVIEW DRIVE','FAYETTEVILLE','PA','72703',NULL),('P53780312','DT1013922533','Hailey','Contreras','F','Native Hawaiian or Other Pacific Islander','1942-07-11','14200 WEST CELEBRATE LIFE WAY','GOODYEAR','NY','85338',NULL),('P54549270','DT1013018605','Grayson','Rodgers','M','American Indian or Alaska Native','1949-11-27','350 NORTH WILMOT ROAD','TUCSON','OH','85711',NULL),('P54766643','DT1003809831','Harper','Nelson','F','Native Hawaiian or Other Pacific Islander','1946-06-15','11500 BROOKSHIRE AVENUE','DOWNEY','PA','90241',NULL),('P54828678','DT1003007592','Brianna','Obrien','F','White','1930-05-07','9920 TALBERT AVENUE','FOUNTAIN VALLEY','PA','92708',NULL),('P54982963','DT1003859661','Gavin','Strickland','M','American Indian or Alaska Native','1960-08-01','187 GLENN HWY','GLENNALLEN','GA','99588',NULL),('P55592438','DT1013018605','Aubrey','Parsons','F','Hispanic or Latino','1965-10-16','1145 W. REDONDO BEACH BLVD.','GARDENA','NY','90247',NULL),('P56117031','DT1013961994','Hadley','Jennings','F','White','1925-01-10','2800 EAST AJO WAY','TUCSON','GA','85713',NULL),('P56544020','DT1013066794','Addison','Walker','F','Asian','1963-05-09','9333 IMPERIAL HIGHWAY','DOWNEY','GA','90242',NULL),('P56806301','DT1003899907','Giselle','Conner','F','Native Hawaiian or Other Pacific Islander','1948-08-23','9601 BAPTIST HEALTH DRIVE','LITTLE ROCK','OH','72205',NULL),('P57464383','DT1003093147','Elena','Jones','F','Asian','1979-07-08','1303 EAST HERNDON AVENUE','FRESNO','GA','93720',NULL),('P60535017','DT1003925207','Blake','Hunter','M','Native Hawaiian or Other Pacific Islander','1948-12-10','1200 B. GALE WILSON BLVD.','FAIRFIELD','NY','94533',NULL),('P62772301','DT1003988148','Giovanni','Anderson','M','Native Hawaiian or Other Pacific Islander','1970-02-04','811 HIGHWAY 65 SOUTH','DUMAS','NY','71639',NULL),('P63764301','DT1003965278','Grace','Wong','F','Asian','1952-07-21','1300 NORTH 12TH STREET,SUITE 404','PHOENIX','GA','85006',NULL),('P65726682','DT1003899907','Ethan','Shelton','M','Asian','1942-01-07','233 PROSPECT PLACE','CORONADO','NY','92118',NULL),('P66574015','DT1013008176','Bryson','Acosta','M','White','1949-09-24','330 MOSS STREET','CHULA VISTA','GA','91911',NULL),('P67837123','DT1003965278','Hadley','Kemp','F','American Indian or Alaska Native','1931-04-10','1501 NORTH CAMPBELL AVENUE','TUCSON','NY','85724',NULL),('P68830802','DT1003859661','Gianna','Young','F','Hispanic or Latino','1974-07-20','310 SOUTH FALLS BOULEVARD','WYNNE','NY','72396',NULL),('P69801316','DT1003914227','Brooklyn','White','F','White','1944-09-25','555 E. VALLEY PARKWAY','ESCONDIDO','GA','92025',NULL),('P70027891','DT1013008176','David','Fleming','M','Black or African American','1958-04-27','250 PROSPECT PLACE','CORONADO','NY','92118',NULL),('P70231135','DT1013059419','Eliana','Kelley','F','American Indian or Alaska Native','1940-09-26','15630 18TH AVE - HWY 53','CLEARLAKE','NY','95422',NULL),('P70287981','DT1003907585','Henry','Stephens','M','White','1948-02-12','43563 STATE HWY. 299 E','FALL RIVER MILLS','NY','96028',NULL),('P70361120','DT1003859661','Giovanni','Thomas','M','American Indian or Alaska Native','1946-05-08','801 WEST RIVER STREET','OZARK','NY','72949',NULL),('P71012302','DT1013987700','Greyson','Martinez','M','White','1937-12-17','2000 WEST BETHANY HOME ROAD','PHOENIX','PA','85015',NULL),('P71459924','DT1013977206','Grace','Patrick','F','American Indian or Alaska Native','1977-01-07','2050 WEST SOUTHERN AVENUE','APACHE JUNCTION','GA','85120',NULL),('P71774482','DT1013977206','George','Dunn','M','Black or African American','1953-12-04','1101 JACKSON STREET, S.W.','GRAVETTE','OH','72736',NULL),('P71900266','DT1003007592','Autumn','Guzman','F','Asian','1949-08-26','1650 CREEKSIDE DRIVE','FOLSOM','NY','95630',NULL),('P73206961','DT1003809831','Gavin','Wheeler','M','Asian','1962-07-18','PO BOX 2105','ADAK','GA','99546',NULL),('P74184497','DT1003829334','Grant','Brown','M','Black or African American','1944-01-21','13460 NORTH 67TH AVENUE','GLENDALE','NY','85304',NULL),('P74914676','DT1003809831','James','Logan','M','Native Hawaiian or Other Pacific Islander','1977-07-15','400 EAST TENTH STREET','ANNISTON','NY','36202',NULL),('P75471175','DT1003965278','Hadley','Mccoy','F','Black or African American','1951-04-13','3801 SANTA ROSA','KINGMAN','NY','86409',NULL),('P76966663','DT1013045970','Giovanni','Byrd','M','White','1965-08-01','1341 WEST SIXTH STREET','WALDRON','NY','72958',NULL),('P78140062','DT1003829334','Alice','Arroyo','F','Black or African American','1942-05-31','14148 FRANCISQUITO AVENUE','BALDWIN PARK','GA','91706',NULL),('P78886230','DT1013184456','Alice','Taylor','F','Native Hawaiian or Other Pacific Islander','1947-04-27','875 NORTH BREA BOULEVARD','BREA','OH','92621',NULL),('P79209619','DT1003925207','Easton','Dickerson','M','Black or African American','1947-08-08','15000 ARNOLD DRIVE','ELDRIDGE','GA','95431',NULL),('P79728523','DT1013083781','Genesis','Riley','F','Asian','1967-03-10','3024 STADIUM BOULEVARD','JONESBORO','OH','72401',NULL),('P80014782','DT1003844820','Clara','Rodriguez','F','American Indian or Alaska Native','1959-09-22','500 WEST HOSPITAL ROAD','FRENCH CAMP','GA','95231',NULL),('P83560176','DT1003965278','Hadley','Gonzalez','F','Native Hawaiian or Other Pacific Islander','1953-03-22','1501 NORTH CAMPBELL AVENUE','TUCSON','GA','85724',NULL),('P83755727','DT1013922533','Giselle','Houston','F','White','1982-11-14','130 MEDICAL CIRCLE','NASHVILLE','OH','71852',NULL),('P84446446','DT1003003856','Clara','Hicks','F','American Indian or Alaska Native','1966-07-02','2615 CHESTER AVENUE','BAKERSFIELD','GA','93301',NULL),('P87464373','DT1013083781','Cole','Dalton','M','Black or African American','1944-08-19','7173 NO. SHARON AVENUE','FRESNO','GA','93720',NULL),('P87465932','DT1003907585','Avery','Wagner','F','American Indian or Alaska Native','1943-07-09','1501 TROUSDALE DRIVE','BURLINGAME','OH','94010',NULL),('P87493799','DT1013984392','Lily','Gomez','F','American Indian or Alaska Native','1941-07-16','2030 LAY DAM ROAD','CLANTON','NY','35046',NULL),('P88156908','DT1013969161','Caroline','Williams','F','White','1969-04-18','501 SO. BUENA VISTA','BURBANK','OH','91505',NULL),('P89349218','DT1013953157','Daniel','Murphy','M','Asian','1926-08-10','1900 SULLIVAN AVENUE','DALY CITY','OH','94015',NULL),('P92774336','DT1003878315','Grace','Alexander','F','Native Hawaiian or Other Pacific Islander','1970-09-04','1930 EAST THOMAS ROAD','PHOENIX','PA','85016',NULL),('P92797852','DT1013922533','Brady','Durham','M','Asian','1951-12-07','150 PIONEER LANE','BISHOP','NY','93514',NULL),('P92916917','DT1003991423','Caleb','Johnson','M','Hispanic or Latino','1934-12-01','207 WEST LEGION ROAD','BRAWLEY','NY','92227',NULL),('P95236226','DT1013066794','Claire','Mueller','F','White','1948-04-29','600 HIGHLAND SPRINGS AVENUE','BANNING','NY','92220',NULL),('P95613041','DT1003991423','Ayden','Rush','M','American Indian or Alaska Native','1949-09-06','31872 S COAST HIGHWAY','LAGUNA BEACH','OH','92677',NULL),('P97297046','DT1003925207','Gianna','Martin','F','White','1939-06-14','1200 SOUTH MAIN STREET','SEARCY','GA','72143',NULL),('P97701097','DT1003879685','Elias','Montgomery','M','Asian','1966-02-12','2309 ANTONIO AVENUE','CAMARILLO','PA','93010',NULL),('P98442011','DT1013008176','Hannah','Taylor','F','American Indian or Alaska Native','1939-08-29','325 POTTER ST','FALLBROOK','NY','92028',NULL),('P99741384','DT1013083781','Hailey','Cole','F','Hispanic or Latino','1962-01-16','8850 EAST PIMA CENTER PARKWAY','SCOTTSDALE','NY','85258',NULL);
/*!40000 ALTER TABLE `patient` ENABLE KEYS */;
UNLOCK TABLES;

--
-- Table structure for table `pharm`
--

DROP TABLE IF EXISTS `pharm`;
/*!40101 SET @saved_cs_client     = @@character_set_client */;
/*!50503 SET character_set_client = utf8mb4 */;
CREATE TABLE `pharm` (
  `pc_id` varchar(8) NOT NULL,
  `pc_name` varchar(64) NOT NULL,
  `pc_address` varchar(64) NOT NULL,
  `pc_city` varchar(64) NOT NULL,
  `pc_state` varchar(64) NOT NULL,
  `pc_zipcode` varchar(64) NOT NULL,
  PRIMARY KEY (`pc_id`)
) ENGINE=InnoDB DEFAULT CHARSET=utf8mb4 COLLATE=utf8mb4_0900_ai_ci;
/*!40101 SET character_set_client = @saved_cs_client */;

--
-- Dumping data for table `pharm`
--

LOCK TABLES `pharm` WRITE;
/*!40000 ALTER TABLE `pharm` DISABLE KEYS */;
INSERT INTO `pharm` VALUES ('PC165750','MUSCOGEE (CREEK) NATION DRUGSTORE','900 EAST AIRPORT ROAD','OKMULGEE','OH','74447'),('PC180020','WALGREENS - MARTINS FERRY','90 NORTH FOURTH STREET','MARTINS FERRY','OH','43935'),('PC180622','GIANT EAGLE PHARAMACY - FRANKLINTON','1900 MAIN ST','FRANKLINTON','NY','70438'),('PC277765','SUNBURY COMMUNITY PHARAMACY','350 NORTH 11TH STREET','SUNBURY','OH','17801'),('PC301085','CVS - BARTLETT','2986 KATE BOND RD','BARTLETT','PA','38133'),('PC303156','SUNRISE HEALTHCARE','4399 NOB HILL RD','SUNRISE','GA','33351'),('PC331527','TEXAS COUNTY PHARMACY','1333 S. SAM BOULEVARD','HOUSTON','NY','65483'),('PC354746','ST CLAIR LOCAL HEALTHSTORE','1000 BOWER HILL ROAD','PITTSBURGH','PA','15243'),('PC413289','NEW YORK COMMUNITY DRUGSTORE','2525 KINGS HIGHWAY','BROOKLYN','NY','11229'),('PC513146','CVS - MELBOURNE','101 E FLORIDA AVE','MELBOURNE','GA','32901'),('PC524832','GIANT EAGLE PHARAMACY - DENTON','2620 SCRIPTURE STREET','DENTON','PA','76201'),('PC528296','FRANKLIN WOODS COMMUNITY PHARMACY','300 MED TECH PARKWAY','JOHNSON CITY','PA','37604'),('PC583578','SABINE MEDICAL CENTER','240 HIGHLAND DR','MANY','NY','71449'),('PC732676','NEWHALL HEALTHCARE PHARAMACY','23845 WEST MCBEAN PARKWAY','VALENCIA','GA','91355'),('PC815810','REDMOND REGIONAL MEDICAL CENTER','501 REDMOND ROAD','ROME','GA','30165'),('PC835883','WALGREENS','6601 WHITE FEATHER ROAD','JOSHUA TREE','GA','92252'),('PC853499','CONEY ISLAND PHARAMACY','2601 OCEAN PARKWAY','BROOKLYN','NY','11235'),('PC880326','GENERAL PHARAMACY OF DILLEY TEXAS','230 WEST MILLER STREET','DILLEY','PA','78017');
/*!40000 ALTER TABLE `pharm` ENABLE KEYS */;
UNLOCK TABLES;

--
-- Table structure for table `pharm_inven`
--

DROP TABLE IF EXISTS `pharm_inven`;
/*!40101 SET @saved_cs_client     = @@character_set_client */;
/*!50503 SET character_set_client = utf8mb4 */;
CREATE TABLE `pharm_inven` (
  `pc_id` varchar(8) NOT NULL,
  `m_id` varchar(5) NOT NULL,
  `quant` int DEFAULT NULL,
  `price` decimal(4,2) DEFAULT NULL,
  PRIMARY KEY (`pc_id`,`m_id`),
  KEY `m_id` (`m_id`),
  CONSTRAINT `pharm_inven_ibfk_1` FOREIGN KEY (`m_id`) REFERENCES `Medicine` (`m_id`) ON DELETE RESTRICT ON UPDATE CASCADE,
  CONSTRAINT `pharm_inven_ibfk_2` FOREIGN KEY (`pc_id`) REFERENCES `pharm` (`pc_id`) ON DELETE RESTRICT ON UPDATE CASCADE
) ENGINE=InnoDB DEFAULT CHARSET=utf8mb4 COLLATE=utf8mb4_0900_ai_ci;
/*!40101 SET character_set_client = @saved_cs_client */;

--
-- Dumping data for table `pharm_inven`
--

LOCK TABLES `pharm_inven` WRITE;
/*!40000 ALTER TABLE `pharm_inven` DISABLE KEYS */;
INSERT INTO `pharm_inven` VALUES ('PC165750','M3745',6015,0.99),('PC165750','M5508',2333,3.94),('PC165750','M9722',2626,0.38),('PC180020','M2976',9527,5.62),('PC180020','M3371',9334,7.15),('PC180020','M4812',2338,6.38),('PC180622','M3048',9747,7.61),('PC180622','M6484',5559,3.66),('PC180622','M9208',1887,0.77),('PC277765','M6226',4822,2.84),('PC277765','M7531',5766,7.81),('PC277765','M8078',9137,4.44),('PC301085','M1476',3027,8.79),('PC301085','M4006',4029,1.32),('PC301085','M5450',8268,2.67),('PC303156','M6226',4577,3.19),('PC303156','M7531',5037,5.66),('PC303156','M8078',3597,1.81),('PC331527','M2559',8840,9.27),('PC331527','M5060',8906,2.71),('PC331527','M9666',9195,3.99),('PC354746','M5413',5279,4.53),('PC354746','M6091',6417,0.34),('PC354746','M7455',1842,3.27),('PC413289','M1135',6984,7.95),('PC413289','M4577',1443,3.34),('PC413289','M5782',2819,2.80),('PC513146','M3745',1693,5.11),('PC513146','M5508',2636,8.68),('PC513146','M9722',1832,9.38),('PC524832','M2559',3375,3.78),('PC524832','M5060',5239,6.39),('PC524832','M9666',9735,5.31),('PC528296','M3048',5172,8.63),('PC528296','M6484',9376,2.33),('PC528296','M9208',1191,4.79),('PC583578','M1476',1940,2.23),('PC583578','M4006',7126,7.01),('PC583578','M5450',9461,0.12),('PC732676','M1472',9198,7.21),('PC732676','M5825',8494,0.94),('PC732676','M9924',5057,8.55),('PC815810','M5413',3905,7.34),('PC815810','M6091',8222,5.83),('PC815810','M7455',3979,6.65),('PC835883','M2976',4617,5.47),('PC835883','M3371',8687,3.18),('PC835883','M4812',3050,5.05),('PC853499','M1472',7066,3.19),('PC853499','M5825',2931,0.47),('PC853499','M9924',8585,0.83),('PC880326','M1135',3718,6.71),('PC880326','M4577',5208,0.81),('PC880326','M5782',5948,0.29);
/*!40000 ALTER TABLE `pharm_inven` ENABLE KEYS */;
UNLOCK TABLES;

--
-- Table structure for table `Pharm_plant`
--

DROP TABLE IF EXISTS `Pharm_plant`;
/*!40101 SET @saved_cs_client     = @@character_set_client */;
/*!50503 SET character_set_client = utf8mb4 */;
CREATE TABLE `Pharm_plant` (
  `pp_id` varchar(8) NOT NULL,
  `pp_name` varchar(64) NOT NULL,
  `pp_address` varchar(64) NOT NULL,
  `pp_city` varchar(64) NOT NULL,
  `pp_state` varchar(64) NOT NULL,
  `pp_zipcode` varchar(64) NOT NULL,
  PRIMARY KEY (`pp_id`)
) ENGINE=InnoDB DEFAULT CHARSET=utf8mb4 COLLATE=utf8mb4_0900_ai_ci;
/*!40101 SET character_set_client = @saved_cs_client */;

--
-- Dumping data for table `Pharm_plant`
--

LOCK TABLES `Pharm_plant` WRITE;
/*!40000 ALTER TABLE `Pharm_plant` DISABLE KEYS */;
INSERT INTO `Pharm_plant` VALUES ('PP200053','PROVIDENCE CENTRALIA HOSPITAL','21 W CLARK AVE','MILFORD','DE','19963'),('PP323961','CAPITAL PHARMA','78 MEDICAL CENTER DRIVE','FISHERSVILLE','VA','22939'),('PP355447','PROVIDENCE REGIONAL MEDICAL MANUFACTURING','300 MARKET STREET','SADDLE BROOK','NJ','7663'),('PP690020','SUNNYSIDE DRUGS','1240 HUFFMAN MILL ROAD','BURLINGTON','NC','27216'),('PP752964','VIRGINIA MASON MEDICINE CENTER','800 GARFIELD AVE','PARKERSBURG','WV','26101'),('PP770643','GROUP HEALTH COOPERATIVE','401 MEDICAL PARK DR.','ATMORE','AL','36502'),('PP872148','CENTRAL WASHINGTON PHARMACEUTICALS','315 S MANNING BLVD','ALBANY','NY','12208'),('PP906144','HIGHLINE MEDICAL PLANT','701 GROVE RD','GREENVILLE','SC','29605'),('PP931294','HARRISON PHARMACEUTICALS','990 OAK RIDGE TURNPIKE','OAK RIDGE','TN','37830');
/*!40000 ALTER TABLE `Pharm_plant` ENABLE KEYS */;
UNLOCK TABLES;

--
-- Table structure for table `plant_inven`
--

DROP TABLE IF EXISTS `plant_inven`;
/*!40101 SET @saved_cs_client     = @@character_set_client */;
/*!50503 SET character_set_client = utf8mb4 */;
CREATE TABLE `plant_inven` (
  `m_id` varchar(5) NOT NULL,
  `pp_id` varchar(8) NOT NULL,
  `stock_quant` int NOT NULL,
  `unit_price` decimal(10,2) NOT NULL,
  PRIMARY KEY (`m_id`,`pp_id`),
  KEY `pp_id` (`pp_id`),
  CONSTRAINT `plant_inven_ibfk_1` FOREIGN KEY (`m_id`) REFERENCES `Medicine` (`m_id`) ON DELETE RESTRICT ON UPDATE CASCADE,
  CONSTRAINT `plant_inven_ibfk_2` FOREIGN KEY (`pp_id`) REFERENCES `Pharm_plant` (`pp_id`) ON DELETE RESTRICT ON UPDATE CASCADE
) ENGINE=InnoDB DEFAULT CHARSET=utf8mb4 COLLATE=utf8mb4_0900_ai_ci;
/*!40101 SET character_set_client = @saved_cs_client */;

--
-- Dumping data for table `plant_inven`
--

LOCK TABLES `plant_inven` WRITE;
/*!40000 ALTER TABLE `plant_inven` DISABLE KEYS */;
INSERT INTO `plant_inven` VALUES ('M1135','PP690020',294,4122.12),('M1135','PP770643',187,64.27),('M1476','PP872148',292,19.32),('M1476','PP931294',13,10.69),('M2559','PP355447',105,296.38),('M2559','PP770643',195,5.62),('M3371','PP200053',387,9.42),('M3371','PP872148',126,26.95),('M3371','PP931294',473,20.67),('M3745','PP323961',196,33.33),('M3745','PP752964',479,38.39),('M3745','PP872148',291,154.65),('M4577','PP200053',245,3.07),('M4812','PP355447',5,84.12),('M4812','PP906144',149,20.25),('M4812','PP931294',24,1186.81),('M5060','PP355447',166,2373.63),('M5060','PP770643',468,18.03),('M5060','PP872148',268,6.16),('M5413','PP200053',367,148.46),('M5413','PP690020',54,29.59),('M5413','PP752964',319,4.99),('M5508','PP752964',56,7.93),('M5782','PP200053',165,154.63),('M5782','PP323961',380,112.85),('M5782','PP355447',489,12.88),('M6091','PP906144',195,13.65),('M6091','PP931294',258,11.24),('M6484','PP323961',384,17.90),('M7455','PP323961',172,5.57),('M7455','PP690020',436,76.44),('M7455','PP906144',214,1388.75),('M9666','PP752964',52,5.04),('M9666','PP770643',434,13.91),('M9666','PP906144',239,417.13),('M9722','PP690020',379,3.44);
/*!40000 ALTER TABLE `plant_inven` ENABLE KEYS */;
UNLOCK TABLES;

--
-- Table structure for table `prescription_order`
--

DROP TABLE IF EXISTS `prescription_order`;
/*!40101 SET @saved_cs_client     = @@character_set_client */;
/*!50503 SET character_set_client = utf8mb4 */;
CREATE TABLE `prescription_order` (
  `order_id` varchar(9) NOT NULL,
  `order_status` varchar(64) NOT NULL,
  `order_date` date NOT NULL,
  `pat_id` varchar(9) NOT NULL,
  `doc_id` char(12) NOT NULL,
  `m_id` varchar(5) NOT NULL,
  `Quantity` int NOT NULL,
  `order_price` decimal(10,2) NOT NULL,
  `pc_id` varchar(8) NOT NULL,
  PRIMARY KEY (`order_id`),
  KEY `doc_id` (`doc_id`),
  KEY `pat_id` (`pat_id`),
  KEY `m_id` (`m_id`),
  KEY `pc_id` (`pc_id`),
  CONSTRAINT `prescription_order_ibfk_1` FOREIGN KEY (`doc_id`) REFERENCES `doctor` (`doc_id`) ON DELETE RESTRICT ON UPDATE CASCADE,
  CONSTRAINT `prescription_order_ibfk_2` FOREIGN KEY (`pat_id`) REFERENCES `patient` (`pat_id`) ON DELETE RESTRICT ON UPDATE CASCADE,
  CONSTRAINT `prescription_order_ibfk_3` FOREIGN KEY (`m_id`) REFERENCES `Medicine` (`m_id`) ON DELETE RESTRICT ON UPDATE CASCADE,
  CONSTRAINT `prescription_order_ibfk_4` FOREIGN KEY (`pc_id`) REFERENCES `pharm` (`pc_id`) ON DELETE RESTRICT ON UPDATE CASCADE
) ENGINE=InnoDB DEFAULT CHARSET=utf8mb4 COLLATE=utf8mb4_0900_ai_ci;
/*!40101 SET character_set_client = @saved_cs_client */;

--
-- Dumping data for table `prescription_order`
--

LOCK TABLES `prescription_order` WRITE;
/*!40000 ALTER TABLE `prescription_order` DISABLE KEYS */;
INSERT INTO `prescription_order` VALUES ('O11220299','Delivered','2016-05-11','P26194032','DT1003907585','M3371',20,63.60,'PC331527'),('O12185153','Pending','2016-05-31','P73206961','DT1003809831','M5450',27,3.24,'PC413289'),('O13463330','Processing','2016-05-31','P48707610','DT1003825274','M5508',39,338.52,'PC835883'),('O14797028','Delivered','2016-06-07','P70287981','DT1003907585','M5782',32,89.60,'PC853499'),('O15404310','Processing','2016-06-08','P78140062','DT1003829334','M9722',39,365.82,'PC853499'),('O16739793','Pending','2016-06-08','P31432975','DT1003907585','M9666',12,63.72,'PC835883'),('O24161730','Pending','2016-05-16','P65726682','DT1003899907','M5508',46,399.28,'PC165750'),('O24514330','Processing','2016-06-07','P70287981','DT1003907585','M2976',14,78.68,'PC513146'),('O28054459','Delivered','2016-05-24','P19182259','DT1003830191','M8078',26,47.06,'PC853499'),('O32687860','Processing','2016-05-24','P19182259','DT1003830191','M7531',28,218.68,'PC513146'),('O33041559','Pending','2016-05-31','P70361120','DT1003859661','M7531',15,117.15,'PC165750'),('O34200571','Delivered','2016-06-06','P74914676','DT1003809831','M6091',11,64.13,'PC513146'),('O34787882','Processing','2016-05-04','P69801316','DT1003914227','M5060',20,54.20,'PC815810'),('O36742058','Processing','2016-06-06','P74914676','DT1003809831','M8078',43,77.83,'PC528296'),('O37105757','Processing','2016-06-08','P40320003','DT1003899907','M9208',24,114.96,'PC180622'),('O38420028','Processing','2016-06-06','P74914676','DT1003809831','M5060',26,70.46,'PC513146'),('O39009590','Pending','2016-05-11','P26194032','DT1003907585','M1476',11,96.69,'PC524832'),('O42519424','Processing','2016-05-20','P40683857','DT1003860784','M1135',27,214.65,'PC354746'),('O48969466','Pending','2016-05-24','P97701097','DT1003879685','M1135',16,127.20,'PC583578'),('O49616514','Pending','2016-05-31','P48707610','DT1003825274','M1135',18,143.10,'PC732676'),('O52960316','Pending','2016-05-17','P21101946','DT1003859661','M5782',43,120.40,'PC331527'),('O54124807','Delivered','2016-06-08','P78140062','DT1003829334','M1476',37,325.23,'PC303156'),('O56496043','Pending','2016-06-03','P25191496','DT1003872128','M1476',26,228.54,'PC853499'),('O62601466','Pending','2016-06-07','P38107891','DT1003123985','M2976',28,157.36,'PC180020'),('O67049331','Pending','2016-05-31','P73206961','DT1003809831','M5782',28,78.40,'PC277765'),('O67586623','Processing','2016-05-04','P69801316','DT1003914227','M5450',46,5.52,'PC528296'),('O68257817','Delivered','2016-05-24','P19182259','DT1003830191','M5413',16,72.48,'PC277765'),('O71026151','Pending','2016-05-16','P65726682','DT1003899907','M4577',16,12.96,'PC528296'),('O73952466','Processing','2016-05-11','P80014782','DT1003844820','M1135',48,381.60,'PC880326'),('O74060472','Processing','2016-05-18','P48854096','DT1003914227','M1476',41,360.39,'PC528296'),('O77119692','Pending','2016-05-05','P52429011','DT1003872201','M1476',41,360.39,'PC165750'),('O80591123','Delivered','2016-05-20','P40683857','DT1003860784','M3048',43,327.23,'PC277765'),('O86227336','Pending','2016-05-24','P19182259','DT1003830191','M9208',45,215.55,'PC815810'),('O86974736','Delivered','2016-06-08','P31432975','DT1003907585','M5413',33,149.49,'PC853499'),('O93144099','Delivered','2016-05-25','P29351456','DT1003859661','M4006',15,105.15,'PC815810'),('O93533578','Delivered','2016-05-19','P71900266','DT1003007592','M1472',16,115.36,'PC301085'),('O93976307','Processing','2016-06-08','P92774336','DT1003878315','M6091',25,145.75,'PC583578'),('O94101710','Pending','2016-05-31','P73206961','DT1003809831','M6226',36,114.84,'PC413289'),('O94525364','Pending','2016-05-10','P54828678','DT1003007592','M2559',41,380.07,'PC732676'),('O99198455','Processing','2016-06-03','P25191496','DT1003872128','M2559',34,315.18,'PC331527');
/*!40000 ALTER TABLE `prescription_order` ENABLE KEYS */;
UNLOCK TABLES;

--
-- Table structure for table `shipments`
--

DROP TABLE IF EXISTS `shipments`;
/*!40101 SET @saved_cs_client     = @@character_set_client */;
/*!50503 SET character_set_client = utf8mb4 */;
CREATE TABLE `shipments` (
  `s_id` varchar(9) NOT NULL,
  `pp_id` varchar(8) NOT NULL,
  `m_id` varchar(5) NOT NULL,
  `pc_id` varchar(8) NOT NULL,
  `s_Quant` int NOT NULL,
  `TotalCost` decimal(10,2) NOT NULL,
  `s_order_date` date DEFAULT NULL,
  `s_ship_date` date DEFAULT NULL,
  `s_status` varchar(64) DEFAULT NULL,
  PRIMARY KEY (`s_id`,`m_id`),
  KEY `pp_id` (`pp_id`),
  KEY `m_id` (`m_id`),
  KEY `pc_id` (`pc_id`),
  CONSTRAINT `shipments_ibfk_1` FOREIGN KEY (`pp_id`) REFERENCES `Pharm_plant` (`pp_id`) ON DELETE RESTRICT ON UPDATE CASCADE,
  CONSTRAINT `shipments_ibfk_2` FOREIGN KEY (`m_id`) REFERENCES `Medicine` (`m_id`) ON DELETE RESTRICT ON UPDATE CASCADE,
  CONSTRAINT `shipments_ibfk_3` FOREIGN KEY (`pc_id`) REFERENCES `pharm` (`pc_id`) ON DELETE RESTRICT ON UPDATE CASCADE
) ENGINE=InnoDB DEFAULT CHARSET=utf8mb4 COLLATE=utf8mb4_0900_ai_ci;
/*!40101 SET character_set_client = @saved_cs_client */;

--
-- Dumping data for table `shipments`
--

LOCK TABLES `shipments` WRITE;
/*!40000 ALTER TABLE `shipments` DISABLE KEYS */;
INSERT INTO `shipments` VALUES ('S11867854','PP323961','M5782','PC301085',180,0.00,'2016-05-20','2016-05-25','In Progress'),('S15172988','PP355447','M2559','PC880326',80,23710.40,'2016-05-09','2016-05-18','Shipped'),('S18793375','PP690020','M5413','PC835883',100,2959.00,'2016-06-03','2016-06-03','In Progress'),('S26275313','PP931294','M1476','PC524832',50,534.50,'2016-05-09','2016-05-09','In Progress'),('S28986018','PP355447','M5782','PC732676',200,2576.00,'2016-06-06','2016-06-08','Delivered'),('S32725633','PP931294','M1476','PC880326',115,1229.35,'2016-05-11','2016-05-19','Ready for Shipment'),('S35570372','PP200053','M5413','PC528296',160,23753.60,'2016-06-06','2016-06-06','Delivered'),('S38895653','PP872148','M5060','PC513146',170,1047.20,'2016-05-12','2016-06-02','Delivered'),('S45130760','PP323961','M7455','PC528296',125,696.25,'2016-05-25','2016-05-25','Delivered'),('S46787702','PP200053','M4577','PC277765',50,153.50,'2016-04-29','2016-05-19','Shipped'),('S52647465','PP906144','M6091','PC513146',140,1911.00,'2016-04-25','2016-05-30','In Progress'),('S52661283','PP872148','M5060','PC732676',170,1047.20,'2016-05-17','2016-05-17','Shipped'),('S58517879','PP931294','M1476','PC331527',200,2138.00,'2016-05-05','2016-05-05','Delivered'),('S63660588','PP355447','M5060','PC524832',200,474726.00,'2016-02-25','2016-04-29','Ready for Shipment'),('S76353849','PP931294','M1476','PC583578',120,1282.80,'2016-05-13','2016-05-13','Delivered'),('S78273772','PP323961','M3745','PC524832',175,5832.75,'2016-06-03','2016-06-08','Ready for Shipment'),('S85799513','PP872148','M5060','PC835883',60,369.60,'2016-05-03','2016-05-04','Delivered'),('S85825487','PP906144','M6091','PC528296',100,1365.00,'2016-04-18','2016-05-09','Delivered'),('S87413412','PP200053','M5782','PC165750',150,23194.50,'2016-06-02','2016-06-06','Delivered'),('S89902456','PP931294','M4812','PC513146',140,166153.40,'2016-05-11','2016-05-12','Ready for Shipment'),('S89913841','PP323961','M6484','PC880326',100,1790.00,'2016-05-11','2016-05-11','Shipped'),('S94530940','PP690020','M1135','PC413289',90,370990.80,'2016-05-04','2016-05-04','In Progress'),('S96737644','PP200053','M3371','PC180020',86,810.12,'2016-05-02','2016-05-02','In Progress'),('S96829901','PP355447','M4812','PC301085',170,14300.40,'2016-05-20','2016-05-25','Delivered'),('S97624376','PP931294','M4812','PC301085',150,178021.50,'2016-05-04','2016-05-05','Delivered');
/*!40000 ALTER TABLE `shipments` ENABLE KEYS */;
UNLOCK TABLES;

--
-- Table structure for table `user`
--

DROP TABLE IF EXISTS `user`;
/*!40101 SET @saved_cs_client     = @@character_set_client */;
/*!50503 SET character_set_client = utf8mb4 */;
CREATE TABLE `user` (
  `user_id` varchar(64) NOT NULL,
  `username` varchar(20) NOT NULL,
  `user_type` varchar(64) NOT NULL,
  `password_hash` varchar(128) NOT NULL,
  PRIMARY KEY (`username`),
  UNIQUE KEY `username` (`username`))
  ENGINE=InnoDB DEFAULT CHARSET=utf8mb4 COLLATE=utf8mb4_0900_ai_ci;
/*!40101 SET character_set_client = @saved_cs_client */;

--
-- Dumping data for table `user`
--

LOCK TABLES `user` WRITE;
/*!40000 ALTER TABLE `user` DISABLE KEYS */;
/*!40000 ALTER TABLE `user` ENABLE KEYS */;
insert into user(user_id, username, user_type,password_hash)
values ("DT1013066794", "demo_doctor_1", "doctor","pbkdf2:sha256:150000$kbUR6pm0$8f985a44918310e39f7f5647ebcd89a679823338a312306428f3336391124d7c" ),
("DT1003914227", "demo_doctor_2", "doctor", "pbkdf2:sha256:150000$vBUWqoSl$5444761fc34d7249ae9437fe606e6f8148b362f36089f107b35d94fcf773c7de'"),
("P56544020", "demo_patient_1", "patient", "pbkdf2:sha256:150000$EnUyE0D2$418a45c1036643153d579d813470c10ec1b726d672834f63e5e97fef750e8660"  ),
("P71774482", "demo_patient_2", "patient", "pbkdf2:sha256:150000$wpx0UiQi$b932da13ac6db1035a3c615c9d1dbefaafb7a5e68f3ee21548747c2635994f36" ),
("PC165750", "demo_pharmacy_1", "pharmacy", "pbkdf2:sha256:150000$ukh4bcPB$31e988fe950daa94800008641249f58c4189a1470e12ade66d4d6dd5b56ee0a1" ),
("PC301085", "demo_pharmacy_2", "pharmacy", "pbkdf2:sha256:150000$lW9i3PFA$489eb3604ac1c9577d25b9321c0547e5452c9e4a770475199d23962f028debf4" ),
("PP200053", "demo_plant_1", "plant", "pbkdf2:sha256:150000$xOUtxSUL$1654877418564ecbad06d27d1f3350117dbd857ba9ad4c2a79ef690f2b79cba0" ),
("PP323961", "demo_plant_2", "plant", "pbkdf2:sha256:150000$KPfMVOQK$3a388349cac235015c4c334f3c74cc605e90ffb6cd151b4503fab3846067f051" );
UNLOCK TABLES;
/*!40103 SET TIME_ZONE=@OLD_TIME_ZONE */;

/*!40101 SET SQL_MODE=@OLD_SQL_MODE */;
/*!40014 SET FOREIGN_KEY_CHECKS=@OLD_FOREIGN_KEY_CHECKS */;
/*!40014 SET UNIQUE_CHECKS=@OLD_UNIQUE_CHECKS */;
/*!40101 SET CHARACTER_SET_CLIENT=@OLD_CHARACTER_SET_CLIENT */;
/*!40101 SET CHARACTER_SET_RESULTS=@OLD_CHARACTER_SET_RESULTS */;
/*!40101 SET COLLATION_CONNECTION=@OLD_COLLATION_CONNECTION */;
/*!40111 SET SQL_NOTES=@OLD_SQL_NOTES */;

-- Dump completed on 2020-11-24  3:16:26
